lot,wafer,x,y,hbin,sbin,Idsat,Vth,Ioff,Cgg
FMTDEMO,W01,-7,-7,2,20,1.15e-3,0.423,8.2e-9,12.4e-15
FMTDEMO,W01,-7,-6,1,10,1.31e-3,0.441,3.1e-9,11.8e-15
FMTDEMO,W01,-7,-5,1,11,1.44e-3,0.458,2.8e-9,11.2e-15
FMTDEMO,W01,-7,-4,1,10,1.38e-3,0.447,3.5e-9,11.5e-15
FMTDEMO,W01,-7,-3,1,10,1.29e-3,0.439,4.1e-9,12.1e-15
FMTDEMO,W01,-7,-2,1,12,1.52e-3,0.462,2.4e-9,10.9e-15
FMTDEMO,W01,-7,-1,1,10,1.41e-3,0.451,3.0e-9,11.6e-15
FMTDEMO,W01,-7,0,1,10,1.36e-3,0.445,3.3e-9,11.9e-15
FMTDEMO,W01,-7,1,1,11,1.47e-3,0.455,2.7e-9,11.3e-15
FMTDEMO,W01,-7,2,2,21,1.08e-3,0.418,9.5e-9,13.2e-15
FMTDEMO,W01,-7,3,1,10,1.33e-3,0.442,3.8e-9,12.0e-15
FMTDEMO,W01,-7,4,1,10,1.40e-3,0.449,3.2e-9,11.7e-15
FMTDEMO,W01,-7,5,1,10,1.35e-3,0.444,3.6e-9,11.8e-15
FMTDEMO,W01,-7,6,1,12,1.49e-3,0.459,2.6e-9,11.1e-15
FMTDEMO,W01,-7,7,2,22,1.02e-3,0.411,11.2e-9,13.8e-15
FMTDEMO,W01,-6,-7,1,10,1.30e-3,0.440,4.0e-9,12.2e-15
FMTDEMO,W01,-6,-6,1,10,1.43e-3,0.452,2.9e-9,11.4e-15
FMTDEMO,W01,-6,-5,1,11,1.56e-3,0.467,2.2e-9,10.7e-15
FMTDEMO,W01,-6,-4,1,10,1.48e-3,0.457,2.5e-9,11.0e-15
FMTDEMO,W01,-6,-3,1,11,1.39e-3,0.447,3.4e-9,11.6e-15
FMTDEMO,W01,-6,-2,1,10,1.62e-3,0.473,1.9e-9,10.4e-15
FMTDEMO,W01,-6,-1,1,10,1.53e-3,0.463,2.3e-9,10.8e-15
FMTDEMO,W01,-6,0,1,10,1.45e-3,0.454,2.8e-9,11.2e-15
FMTDEMO,W01,-6,1,1,10,1.51e-3,0.461,2.4e-9,10.9e-15
FMTDEMO,W01,-6,2,1,11,1.59e-3,0.470,2.1e-9,10.5e-15
FMTDEMO,W01,-6,3,1,10,1.42e-3,0.451,3.0e-9,11.5e-15
FMTDEMO,W01,-6,4,3,40,0.98e-3,0.405,14.5e-9,14.9e-15
FMTDEMO,W01,-6,5,1,10,1.37e-3,0.446,3.5e-9,11.8e-15
FMTDEMO,W01,-6,6,1,11,1.54e-3,0.464,2.3e-9,10.8e-15
FMTDEMO,W01,-5,-7,1,10,1.28e-3,0.438,4.2e-9,12.3e-15
FMTDEMO,W01,-5,-6,1,10,1.46e-3,0.455,2.7e-9,11.3e-15
FMTDEMO,W01,-5,-5,1,10,1.61e-3,0.472,2.0e-9,10.5e-15
FMTDEMO,W01,-5,-4,1,11,1.73e-3,0.481,1.6e-9,10.0e-15
FMTDEMO,W01,-5,-3,1,10,1.64e-3,0.475,1.8e-9,10.2e-15
FMTDEMO,W01,-5,-2,1,10,1.78e-3,0.485,1.4e-9,9.8e-15
FMTDEMO,W01,-5,-1,1,10,1.69e-3,0.478,1.7e-9,10.1e-15
FMTDEMO,W01,-5,0,1,10,1.75e-3,0.483,1.5e-9,9.9e-15
FMTDEMO,W01,-5,1,1,10,1.71e-3,0.480,1.6e-9,10.0e-15
FMTDEMO,W01,-5,2,1,11,1.67e-3,0.476,1.8e-9,10.2e-15
FMTDEMO,W01,-5,3,1,10,1.55e-3,0.466,2.2e-9,10.7e-15
FMTDEMO,W01,-5,4,1,10,1.48e-3,0.457,2.5e-9,11.1e-15
FMTDEMO,W01,-5,5,1,10,1.43e-3,0.452,2.9e-9,11.4e-15
FMTDEMO,W01,-5,6,2,23,1.09e-3,0.419,8.9e-9,13.1e-15
FMTDEMO,W01,-5,7,1,10,1.34e-3,0.443,3.7e-9,11.9e-15
FMTDEMO,W01,-4,-7,1,10,1.32e-3,0.441,3.9e-9,12.1e-15
FMTDEMO,W01,-4,-6,1,10,1.50e-3,0.460,2.4e-9,11.0e-15
FMTDEMO,W01,-4,-5,1,11,1.68e-3,0.477,1.7e-9,10.1e-15
FMTDEMO,W01,-4,-4,1,10,1.82e-3,0.488,1.3e-9,9.6e-15
FMTDEMO,W01,-4,-3,1,10,1.91e-3,0.494,1.1e-9,9.3e-15
FMTDEMO,W01,-4,-2,1,10,1.95e-3,0.497,1.0e-9,9.2e-15
FMTDEMO,W01,-4,-1,1,10,1.98e-3,0.499,0.9e-9,9.1e-15
FMTDEMO,W01,-4,0,1,10,1.97e-3,0.498,0.95e-9,9.15e-15
FMTDEMO,W01,-4,1,1,11,1.93e-3,0.495,1.05e-9,9.25e-15
FMTDEMO,W01,-4,2,1,10,1.87e-3,0.491,1.2e-9,9.5e-15
FMTDEMO,W01,-4,3,1,10,1.77e-3,0.484,1.5e-9,9.9e-15
FMTDEMO,W01,-4,4,1,10,1.63e-3,0.474,1.9e-9,10.3e-15
FMTDEMO,W01,-4,5,1,10,1.52e-3,0.462,2.3e-9,10.8e-15
FMTDEMO,W01,-4,6,1,10,1.44e-3,0.453,2.8e-9,11.3e-15
FMTDEMO,W01,-4,7,1,12,1.36e-3,0.445,3.5e-9,11.8e-15
FMTDEMO,W01,-3,-7,1,10,1.26e-3,0.436,4.5e-9,12.5e-15
FMTDEMO,W01,-3,-6,1,10,1.48e-3,0.457,2.6e-9,11.1e-15
FMTDEMO,W01,-3,-5,1,10,1.70e-3,0.479,1.7e-9,10.1e-15
FMTDEMO,W01,-3,-4,1,10,1.89e-3,0.492,1.1e-9,9.3e-15
FMTDEMO,W01,-3,-3,1,11,1.99e-3,0.499,0.85e-9,9.0e-15
FMTDEMO,W01,-3,-2,1,10,2.03e-3,0.502,0.75e-9,8.8e-15
FMTDEMO,W01,-3,-1,1,10,2.07e-3,0.505,0.68e-9,8.6e-15
FMTDEMO,W01,-3,0,1,10,2.05e-3,0.503,0.72e-9,8.7e-15
FMTDEMO,W01,-3,1,1,10,2.01e-3,0.501,0.80e-9,8.9e-15
FMTDEMO,W01,-3,2,1,10,1.94e-3,0.496,0.98e-9,9.2e-15
FMTDEMO,W01,-3,3,1,10,1.83e-3,0.489,1.25e-9,9.6e-15
FMTDEMO,W01,-3,4,1,11,1.66e-3,0.476,1.8e-9,10.2e-15
FMTDEMO,W01,-3,5,1,10,1.51e-3,0.461,2.3e-9,10.8e-15
FMTDEMO,W01,-3,6,1,10,1.40e-3,0.449,3.1e-9,11.6e-15
FMTDEMO,W01,-3,7,3,41,0.94e-3,0.401,16.2e-9,15.5e-15
FMTDEMO,W01,-2,-7,1,10,1.28e-3,0.438,4.2e-9,12.2e-15
FMTDEMO,W01,-2,-6,1,11,1.53e-3,0.463,2.2e-9,10.8e-15
FMTDEMO,W01,-2,-5,1,10,1.76e-3,0.483,1.5e-9,9.9e-15
FMTDEMO,W01,-2,-4,1,10,1.93e-3,0.495,1.05e-9,9.25e-15
FMTDEMO,W01,-2,-3,1,10,2.06e-3,0.504,0.70e-9,8.65e-15
FMTDEMO,W01,-2,-2,1,10,2.12e-3,0.508,0.58e-9,8.4e-15
FMTDEMO,W01,-2,-1,1,11,2.18e-3,0.513,0.50e-9,8.2e-15
FMTDEMO,W01,-2,0,1,10,2.15e-3,0.510,0.55e-9,8.3e-15
FMTDEMO,W01,-2,1,1,10,2.10e-3,0.507,0.60e-9,8.45e-15
FMTDEMO,W01,-2,2,1,10,2.00e-3,0.500,0.82e-9,8.95e-15
FMTDEMO,W01,-2,3,1,10,1.88e-3,0.491,1.15e-9,9.4e-15
FMTDEMO,W01,-2,4,1,11,1.70e-3,0.479,1.7e-9,10.0e-15
FMTDEMO,W01,-2,5,1,10,1.55e-3,0.465,2.2e-9,10.7e-15
FMTDEMO,W01,-2,6,1,10,1.42e-3,0.451,3.0e-9,11.5e-15
FMTDEMO,W01,-2,7,1,10,1.31e-3,0.441,3.9e-9,12.1e-15
FMTDEMO,W01,-1,-7,1,10,1.27e-3,0.437,4.3e-9,12.3e-15
FMTDEMO,W01,-1,-6,1,10,1.55e-3,0.465,2.2e-9,10.7e-15
FMTDEMO,W01,-1,-5,1,11,1.79e-3,0.486,1.4e-9,9.8e-15
FMTDEMO,W01,-1,-4,1,10,1.96e-3,0.498,0.97e-9,9.15e-15
FMTDEMO,W01,-1,-3,1,10,2.09e-3,0.506,0.63e-9,8.55e-15
FMTDEMO,W01,-1,-2,1,10,2.16e-3,0.511,0.52e-9,8.25e-15
FMTDEMO,W01,-1,-1,1,11,2.21e-3,0.515,0.44e-9,8.05e-15
FMTDEMO,W01,-1,0,1,10,2.19e-3,0.513,0.47e-9,8.1e-15
FMTDEMO,W01,-1,1,1,10,2.14e-3,0.509,0.57e-9,8.35e-15
FMTDEMO,W01,-1,2,1,10,2.04e-3,0.502,0.73e-9,8.75e-15
FMTDEMO,W01,-1,3,1,10,1.91e-3,0.493,1.08e-9,9.3e-15
FMTDEMO,W01,-1,4,1,11,1.72e-3,0.481,1.6e-9,10.0e-15
FMTDEMO,W01,-1,5,1,10,1.56e-3,0.466,2.1e-9,10.6e-15
FMTDEMO,W01,-1,6,1,10,1.43e-3,0.452,2.9e-9,11.4e-15
FMTDEMO,W01,-1,7,1,10,1.32e-3,0.441,3.8e-9,12.0e-15
FMTDEMO,W01,0,-7,1,10,1.30e-3,0.440,4.0e-9,12.2e-15
FMTDEMO,W01,0,-6,1,10,1.57e-3,0.467,2.1e-9,10.6e-15
FMTDEMO,W01,0,-5,1,10,1.80e-3,0.487,1.35e-9,9.7e-15
FMTDEMO,W01,0,-4,1,11,1.97e-3,0.498,0.95e-9,9.15e-15
FMTDEMO,W01,0,-3,1,10,2.10e-3,0.507,0.60e-9,8.5e-15
FMTDEMO,W01,0,-2,1,10,2.17e-3,0.512,0.50e-9,8.2e-15
FMTDEMO,W01,0,-1,1,10,2.22e-3,0.516,0.43e-9,8.0e-15
FMTDEMO,W01,0,0,1,10,2.22e-3,0.516,0.42e-9,8.0e-15
FMTDEMO,W01,0,1,1,10,2.20e-3,0.514,0.46e-9,8.1e-15
FMTDEMO,W01,0,2,1,10,2.06e-3,0.503,0.70e-9,8.7e-15
FMTDEMO,W01,0,3,1,11,1.92e-3,0.494,1.05e-9,9.25e-15
FMTDEMO,W01,0,4,1,10,1.74e-3,0.482,1.6e-9,10.0e-15
FMTDEMO,W01,0,5,1,10,1.57e-3,0.467,2.1e-9,10.6e-15
FMTDEMO,W01,0,6,1,10,1.44e-3,0.453,2.8e-9,11.3e-15
FMTDEMO,W01,0,7,1,10,1.33e-3,0.442,3.7e-9,11.9e-15
FMTDEMO,W01,1,-7,1,10,1.28e-3,0.438,4.2e-9,12.2e-15
FMTDEMO,W01,1,-6,1,11,1.55e-3,0.465,2.2e-9,10.7e-15
FMTDEMO,W01,1,-5,1,10,1.79e-3,0.486,1.4e-9,9.8e-15
FMTDEMO,W01,1,-4,1,10,1.95e-3,0.497,0.98e-9,9.2e-15
FMTDEMO,W01,1,-3,1,10,2.08e-3,0.506,0.64e-9,8.6e-15
FMTDEMO,W01,1,-2,1,10,2.15e-3,0.511,0.53e-9,8.3e-15
FMTDEMO,W01,1,-1,1,10,2.20e-3,0.514,0.45e-9,8.1e-15
FMTDEMO,W01,1,0,1,11,2.18e-3,0.512,0.48e-9,8.15e-15
FMTDEMO,W01,1,1,1,10,2.13e-3,0.508,0.58e-9,8.4e-15
FMTDEMO,W01,1,2,1,10,2.02e-3,0.501,0.76e-9,8.8e-15
FMTDEMO,W01,1,3,1,10,1.90e-3,0.493,1.10e-9,9.35e-15
FMTDEMO,W01,1,4,1,10,1.71e-3,0.480,1.65e-9,10.05e-15
FMTDEMO,W01,1,5,1,11,1.55e-3,0.465,2.2e-9,10.7e-15
FMTDEMO,W01,1,6,1,10,1.42e-3,0.451,3.0e-9,11.5e-15
FMTDEMO,W01,1,7,1,10,1.30e-3,0.440,3.9e-9,12.1e-15
FMTDEMO,W01,2,-7,1,10,1.26e-3,0.436,4.5e-9,12.5e-15
FMTDEMO,W01,2,-6,1,10,1.52e-3,0.462,2.4e-9,10.9e-15
FMTDEMO,W01,2,-5,1,10,1.75e-3,0.483,1.5e-9,9.9e-15
FMTDEMO,W01,2,-4,1,10,1.92e-3,0.494,1.05e-9,9.25e-15
FMTDEMO,W01,2,-3,1,11,2.04e-3,0.502,0.73e-9,8.75e-15
FMTDEMO,W01,2,-2,1,10,2.11e-3,0.508,0.59e-9,8.45e-15
FMTDEMO,W01,2,-1,1,10,2.16e-3,0.511,0.52e-9,8.25e-15
FMTDEMO,W01,2,0,1,10,2.14e-3,0.510,0.56e-9,8.35e-15
FMTDEMO,W01,2,1,1,10,2.08e-3,0.505,0.62e-9,8.55e-15
FMTDEMO,W01,2,2,1,10,1.98e-3,0.499,0.88e-9,9.0e-15
FMTDEMO,W01,2,3,1,11,1.85e-3,0.490,1.2e-9,9.5e-15
FMTDEMO,W01,2,4,1,10,1.67e-3,0.477,1.75e-9,10.1e-15
FMTDEMO,W01,2,5,1,10,1.52e-3,0.462,2.3e-9,10.8e-15
FMTDEMO,W01,2,6,1,10,1.40e-3,0.449,3.1e-9,11.6e-15
FMTDEMO,W01,2,7,2,24,1.07e-3,0.416,9.8e-9,13.4e-15
FMTDEMO,W01,3,-7,3,42,0.91e-3,0.398,17.5e-9,15.9e-15
FMTDEMO,W01,3,-6,1,10,1.47e-3,0.456,2.6e-9,11.1e-15
FMTDEMO,W01,3,-5,1,10,1.68e-3,0.477,1.7e-9,10.1e-15
FMTDEMO,W01,3,-4,1,11,1.85e-3,0.490,1.2e-9,9.5e-15
FMTDEMO,W01,3,-3,1,10,1.97e-3,0.498,0.95e-9,9.15e-15
FMTDEMO,W01,3,-2,1,10,2.05e-3,0.503,0.73e-9,8.75e-15
FMTDEMO,W01,3,-1,1,10,2.10e-3,0.507,0.61e-9,8.5e-15
FMTDEMO,W01,3,0,1,10,2.08e-3,0.505,0.65e-9,8.6e-15
FMTDEMO,W01,3,1,1,11,2.02e-3,0.501,0.77e-9,8.85e-15
FMTDEMO,W01,3,2,1,10,1.90e-3,0.493,1.08e-9,9.3e-15
FMTDEMO,W01,3,3,1,10,1.74e-3,0.482,1.6e-9,10.0e-15
FMTDEMO,W01,3,4,1,10,1.58e-3,0.468,2.1e-9,10.6e-15
FMTDEMO,W01,3,5,2,25,1.14e-3,0.422,8.5e-9,12.8e-15
FMTDEMO,W01,3,6,1,10,1.38e-3,0.447,3.4e-9,11.8e-15
FMTDEMO,W01,4,-6,1,10,1.41e-3,0.450,3.0e-9,11.5e-15
FMTDEMO,W01,4,-5,1,10,1.60e-3,0.471,1.95e-9,10.3e-15
FMTDEMO,W01,4,-4,1,11,1.76e-3,0.483,1.5e-9,9.9e-15
FMTDEMO,W01,4,-3,1,10,1.88e-3,0.491,1.15e-9,9.4e-15
FMTDEMO,W01,4,-2,1,10,1.95e-3,0.497,1.00e-9,9.2e-15
FMTDEMO,W01,4,-1,1,10,1.99e-3,0.500,0.90e-9,9.1e-15
FMTDEMO,W01,4,0,1,10,1.97e-3,0.498,0.94e-9,9.15e-15
FMTDEMO,W01,4,1,1,10,1.92e-3,0.494,1.04e-9,9.3e-15
FMTDEMO,W01,4,2,1,11,1.82e-3,0.488,1.3e-9,9.6e-15
FMTDEMO,W01,4,3,1,10,1.66e-3,0.476,1.8e-9,10.2e-15
FMTDEMO,W01,4,4,1,10,1.50e-3,0.460,2.4e-9,10.9e-15
FMTDEMO,W01,4,5,1,10,1.38e-3,0.447,3.3e-9,11.8e-15
FMTDEMO,W01,4,6,2,26,1.06e-3,0.415,10.2e-9,13.5e-15
FMTDEMO,W01,5,-5,1,10,1.48e-3,0.457,2.5e-9,11.1e-15
FMTDEMO,W01,5,-4,1,10,1.62e-3,0.473,1.9e-9,10.4e-15
FMTDEMO,W01,5,-3,1,11,1.73e-3,0.481,1.6e-9,10.0e-15
FMTDEMO,W01,5,-2,1,10,1.79e-3,0.486,1.4e-9,9.8e-15
FMTDEMO,W01,5,-1,1,10,1.82e-3,0.488,1.3e-9,9.65e-15
FMTDEMO,W01,5,0,1,10,1.81e-3,0.487,1.32e-9,9.7e-15
FMTDEMO,W01,5,1,1,10,1.77e-3,0.484,1.45e-9,9.85e-15
FMTDEMO,W01,5,2,1,11,1.68e-3,0.477,1.7e-9,10.1e-15
FMTDEMO,W01,5,3,1,10,1.54e-3,0.464,2.25e-9,10.8e-15
FMTDEMO,W01,5,4,1,10,1.41e-3,0.450,3.0e-9,11.5e-15
FMTDEMO,W01,5,5,1,10,1.31e-3,0.440,3.8e-9,12.0e-15
FMTDEMO,W01,6,-4,1,10,1.38e-3,0.447,3.4e-9,11.8e-15
FMTDEMO,W01,6,-3,1,10,1.48e-3,0.457,2.6e-9,11.1e-15
FMTDEMO,W01,6,-2,1,11,1.55e-3,0.465,2.2e-9,10.7e-15
FMTDEMO,W01,6,-1,1,10,1.59e-3,0.470,2.0e-9,10.5e-15
FMTDEMO,W01,6,0,1,10,1.58e-3,0.468,2.05e-9,10.55e-15
FMTDEMO,W01,6,1,1,10,1.53e-3,0.463,2.3e-9,10.8e-15
FMTDEMO,W01,6,2,1,11,1.44e-3,0.453,2.8e-9,11.3e-15
FMTDEMO,W01,6,3,1,10,1.34e-3,0.443,3.6e-9,11.9e-15
FMTDEMO,W01,7,-3,1,10,1.28e-3,0.438,4.1e-9,12.2e-15
FMTDEMO,W01,7,-2,1,10,1.35e-3,0.444,3.5e-9,11.8e-15
FMTDEMO,W01,7,-1,2,20,1.10e-3,0.419,8.8e-9,13.1e-15
FMTDEMO,W01,7,0,1,10,1.33e-3,0.442,3.7e-9,11.9e-15
FMTDEMO,W01,7,1,1,10,1.29e-3,0.439,4.0e-9,12.2e-15
FMTDEMO,W01,7,2,1,11,1.22e-3,0.431,5.2e-9,12.7e-15
FMTDEMO,W02,-7,-3,2,20,1.2782e-03,0.432,1.2647e-08,1.3581e-14
FMTDEMO,W02,-7,-2,2,20,1.3023e-03,0.427,1.2173e-08,1.3308e-14
FMTDEMO,W02,-7,-1,2,23,1.3718e-03,0.441,1.0447e-08,1.2900e-14
FMTDEMO,W02,-7,0,2,21,1.3717e-03,0.447,1.0822e-08,1.2979e-14
FMTDEMO,W02,-7,1,2,22,1.3475e-03,0.435,1.1787e-08,1.3458e-14
FMTDEMO,W02,-7,2,2,22,1.3480e-03,0.440,1.1314e-08,1.3341e-14
FMTDEMO,W02,-7,3,2,23,1.2964e-03,0.425,1.1052e-08,1.3317e-14
FMTDEMO,W02,-6,-4,2,22,1.3561e-03,0.440,1.0617e-08,1.2854e-14
FMTDEMO,W02,-6,-3,2,22,1.3656e-03,0.440,1.0291e-08,1.2831e-14
FMTDEMO,W02,-6,-2,1,10,1.5132e-03,0.447,9.1727e-09,1.2381e-14
FMTDEMO,W02,-6,-1,1,10,1.4978e-03,0.448,7.8662e-09,1.2562e-14
FMTDEMO,W02,-6,0,1,10,1.4953e-03,0.450,7.7020e-09,1.2115e-14
FMTDEMO,W02,-6,1,1,10,1.4659e-03,0.451,8.8046e-09,1.2217e-14
FMTDEMO,W02,-6,2,1,10,1.4338e-03,0.455,9.6569e-09,1.2638e-14
FMTDEMO,W02,-6,3,2,22,1.3959e-03,0.444,1.0498e-08,1.2663e-14
FMTDEMO,W02,-6,4,2,21,1.3438e-03,0.443,1.2054e-08,1.2963e-14
FMTDEMO,W02,-5,-5,2,23,1.3535e-03,0.443,1.0615e-08,1.2993e-14
FMTDEMO,W02,-5,-4,1,10,1.4690e-03,0.444,9.3975e-09,1.3215e-14
FMTDEMO,W02,-5,-3,1,10,1.5308e-03,0.454,8.0165e-09,1.2328e-14
FMTDEMO,W02,-5,-2,1,10,1.5917e-03,0.453,6.8341e-09,1.1914e-14
FMTDEMO,W02,-5,-1,1,10,1.6614e-03,0.462,6.4757e-09,1.1579e-14
FMTDEMO,W02,-5,0,1,10,1.6871e-03,0.463,5.5397e-09,1.1376e-14
FMTDEMO,W02,-5,1,1,10,1.6167e-03,0.469,6.1404e-09,1.1762e-14
FMTDEMO,W02,-5,2,1,10,1.5078e-03,0.462,6.7205e-09,1.1749e-14
FMTDEMO,W02,-5,3,1,10,1.5037e-03,0.453,8.2599e-09,1.1972e-14
FMTDEMO,W02,-5,4,1,10,1.4332e-03,0.454,8.8926e-09,1.2505e-14
FMTDEMO,W02,-5,5,2,22,1.3098e-03,0.437,1.0995e-08,1.3050e-14
FMTDEMO,W02,-4,-6,2,22,1.3235e-03,0.438,1.0356e-08,1.3586e-14
FMTDEMO,W02,-4,-5,1,10,1.4470e-03,0.451,8.9276e-09,1.2542e-14
FMTDEMO,W02,-4,-4,1,10,1.5808e-03,0.443,6.9958e-09,1.2022e-14
FMTDEMO,W02,-4,-3,1,10,1.5924e-03,0.453,5.8636e-09,1.1755e-14
FMTDEMO,W02,-4,-2,1,10,1.6372e-03,0.461,4.9709e-09,1.1073e-14
FMTDEMO,W02,-4,-1,1,10,1.7329e-03,0.466,3.7427e-09,1.1090e-14
FMTDEMO,W02,-4,0,1,10,1.7169e-03,0.482,3.6333e-09,1.0894e-14
FMTDEMO,W02,-4,1,1,10,1.7600e-03,0.473,3.7318e-09,1.0872e-14
FMTDEMO,W02,-4,2,1,10,1.7597e-03,0.469,4.7017e-09,1.1217e-14
FMTDEMO,W02,-4,3,1,10,1.6637e-03,0.464,5.4577e-09,1.1559e-14
FMTDEMO,W02,-4,4,1,10,1.5080e-03,0.456,7.0542e-09,1.1672e-14
FMTDEMO,W02,-4,5,2,26,1.4264e-03,0.445,8.6372e-09,1.2606e-14
FMTDEMO,W02,-4,6,2,20,1.3197e-03,0.442,1.1564e-08,1.3101e-14
FMTDEMO,W02,-3,-7,2,21,1.3203e-03,0.436,1.2813e-08,1.3348e-14
FMTDEMO,W02,-3,-6,1,10,1.4156e-03,0.448,9.5933e-09,1.2865e-14
FMTDEMO,W02,-3,-5,1,10,1.5520e-03,0.451,7.9136e-09,1.1988e-14
FMTDEMO,W02,-3,-4,1,10,1.7532e-03,0.469,6.0722e-09,1.1179e-14
FMTDEMO,W02,-3,-3,1,10,1.7977e-03,0.467,4.3165e-09,1.1195e-14
FMTDEMO,W02,-3,-2,1,10,1.8316e-03,0.484,3.2723e-09,1.0631e-14
FMTDEMO,W02,-3,-1,1,10,1.9125e-03,0.483,2.5198e-09,1.0093e-14
FMTDEMO,W02,-3,0,1,10,1.8203e-03,0.492,2.4226e-09,1.0137e-14
FMTDEMO,W02,-3,1,1,10,1.8788e-03,0.481,2.3958e-09,1.0647e-14
FMTDEMO,W02,-3,2,1,10,1.7832e-03,0.476,3.1291e-09,1.0521e-14
FMTDEMO,W02,-3,3,1,10,1.7018e-03,0.469,4.2690e-09,1.0953e-14
FMTDEMO,W02,-3,4,1,10,1.6480e-03,0.462,5.8365e-09,1.1786e-14
FMTDEMO,W02,-3,5,1,10,1.5127e-03,0.450,8.1871e-09,1.2427e-14
FMTDEMO,W02,-3,6,1,10,1.4053e-03,0.450,9.5684e-09,1.2655e-14
FMTDEMO,W02,-3,7,2,21,1.2226e-03,0.431,1.3004e-08,1.3747e-14
FMTDEMO,W02,-2,-7,2,20,1.3258e-03,0.439,1.1259e-08,1.3027e-14
FMTDEMO,W02,-2,-6,1,10,1.4967e-03,0.448,8.6944e-09,1.2484e-14
FMTDEMO,W02,-2,-5,1,10,1.5661e-03,0.458,6.4668e-09,1.1901e-14
FMTDEMO,W02,-2,-4,1,10,1.7073e-03,0.473,4.3535e-09,1.1274e-14
FMTDEMO,W02,-2,-3,1,10,1.7893e-03,0.492,3.1972e-09,1.0393e-14
FMTDEMO,W02,-2,-2,1,10,1.9040e-03,0.482,2.1084e-09,9.9911e-15
FMTDEMO,W02,-2,-1,1,10,2.0308e-03,0.492,1.5156e-09,9.4457e-15
FMTDEMO,W02,-2,0,1,12,2.0586e-03,0.501,1.2258e-09,9.5542e-15
FMTDEMO,W02,-2,1,1,12,1.9776e-03,0.494,1.4446e-09,9.5718e-15
FMTDEMO,W02,-2,2,1,10,1.9337e-03,0.486,2.0371e-09,1.0089e-14
FMTDEMO,W02,-2,3,1,10,1.8447e-03,0.478,2.9012e-09,1.0664e-14
FMTDEMO,W02,-2,4,1,10,1.6908e-03,0.468,4.9545e-09,1.1107e-14
FMTDEMO,W02,-2,5,1,10,1.5881e-03,0.460,6.2564e-09,1.2012e-14
FMTDEMO,W02,-2,6,1,10,1.4485e-03,0.448,8.2011e-09,1.2846e-14
FMTDEMO,W02,-2,7,2,22,1.3514e-03,0.438,1.1295e-08,1.2933e-14
FMTDEMO,W02,-1,-7,2,21,1.3660e-03,0.429,1.0375e-08,1.3202e-14
FMTDEMO,W02,-1,-6,1,10,1.5084e-03,0.449,8.6296e-09,1.2628e-14
FMTDEMO,W02,-1,-5,1,10,1.6043e-03,0.463,6.3579e-09,1.1503e-14
FMTDEMO,W02,-1,-4,1,10,1.7090e-03,0.477,3.9679e-09,1.0822e-14
FMTDEMO,W02,-1,-3,1,10,1.9147e-03,0.490,2.4647e-09,1.0288e-14
FMTDEMO,W02,-1,-2,1,11,1.9818e-03,0.495,1.4829e-09,9.5317e-15
FMTDEMO,W02,-1,-1,1,11,2.1296e-03,0.511,7.6060e-10,9.0752e-15
FMTDEMO,W02,-1,0,1,12,2.2094e-03,0.508,5.5482e-10,8.6118e-15
FMTDEMO,W02,-1,1,1,12,2.1386e-03,0.503,8.1035e-10,8.9945e-15
FMTDEMO,W02,-1,2,1,12,2.0607e-03,0.496,1.3545e-09,9.8058e-15
FMTDEMO,W02,-1,3,1,10,1.8477e-03,0.480,2.3680e-09,1.0392e-14
FMTDEMO,W02,-1,4,1,10,1.7517e-03,0.481,4.4359e-09,1.0949e-14
FMTDEMO,W02,-1,5,1,10,1.5714e-03,0.460,5.8774e-09,1.1382e-14
FMTDEMO,W02,-1,6,1,10,1.4814e-03,0.452,8.0539e-09,1.2203e-14
FMTDEMO,W02,-1,7,2,23,1.3804e-03,0.433,1.0866e-08,1.3211e-14
FMTDEMO,W02,0,-7,2,23,1.3456e-03,0.447,1.0468e-08,1.2957e-14
FMTDEMO,W02,0,-6,1,10,1.4714e-03,0.442,7.7761e-09,1.2182e-14
FMTDEMO,W02,0,-5,1,10,1.6619e-03,0.463,5.3478e-09,1.1669e-14
FMTDEMO,W02,0,-4,1,10,1.7477e-03,0.470,3.6468e-09,1.0897e-14
FMTDEMO,W02,0,-3,1,10,1.8242e-03,0.488,2.2974e-09,1.0054e-14
FMTDEMO,W02,0,-2,1,11,2.0823e-03,0.500,1.1755e-09,9.3338e-15
FMTDEMO,W02,0,-1,1,11,2.1605e-03,0.505,5.7506e-10,8.7419e-15
FMTDEMO,W02,0,0,1,11,2.3732e-03,0.519,3.6230e-10,7.8686e-15
FMTDEMO,W02,0,1,1,11,2.1665e-03,0.504,5.5998e-10,8.7578e-15
FMTDEMO,W02,0,2,1,11,2.1032e-03,0.491,1.2914e-09,9.2667e-15
FMTDEMO,W02,0,3,1,10,1.9481e-03,0.497,2.2412e-09,1.0137e-14
FMTDEMO,W02,0,4,1,10,1.7703e-03,0.484,3.4427e-09,1.0936e-14
FMTDEMO,W02,0,5,1,10,1.5869e-03,0.450,5.1120e-09,1.1332e-14
FMTDEMO,W02,0,6,1,10,1.5321e-03,0.447,7.9389e-09,1.2071e-14
FMTDEMO,W02,0,7,2,22,1.3094e-03,0.437,1.0776e-08,1.2779e-14
FMTDEMO,W02,1,-7,2,23,1.3560e-03,0.430,1.0850e-08,1.3385e-14
FMTDEMO,W02,1,-6,1,10,1.4721e-03,0.448,8.5421e-09,1.2416e-14
FMTDEMO,W02,1,-5,1,10,1.6045e-03,0.467,6.0376e-09,1.1739e-14
FMTDEMO,W02,1,-4,1,10,1.7344e-03,0.466,4.1694e-09,1.1011e-14
FMTDEMO,W02,1,-3,1,10,1.8454e-03,0.482,2.5254e-09,1.0414e-14
FMTDEMO,W02,1,-2,1,12,2.0521e-03,0.491,1.3782e-09,9.3299e-15
FMTDEMO,W02,1,-1,1,12,2.0188e-03,0.506,7.7437e-10,9.1383e-15
FMTDEMO,W02,1,0,1,12,2.1062e-03,0.507,5.9192e-10,8.4487e-15
FMTDEMO,W02,1,1,1,12,2.1277e-03,0.509,8.2111e-10,9.0323e-15
FMTDEMO,W02,1,2,1,10,1.9957e-03,0.485,1.6005e-09,9.4013e-15
FMTDEMO,W02,1,3,1,10,1.8029e-03,0.482,2.3367e-09,1.0135e-14
FMTDEMO,W02,1,4,1,10,1.7854e-03,0.476,4.0665e-09,1.0868e-14
FMTDEMO,W02,1,5,1,10,1.6198e-03,0.466,5.6427e-09,1.1687e-14
FMTDEMO,W02,1,6,1,10,1.5063e-03,0.448,8.6544e-09,1.2286e-14
FMTDEMO,W02,1,7,2,21,1.3111e-03,0.441,1.2298e-08,1.3206e-14
FMTDEMO,W02,2,-7,2,21,1.3000e-03,0.430,1.1087e-08,1.2930e-14
FMTDEMO,W02,2,-6,1,10,1.4580e-03,0.449,9.0152e-09,1.2597e-14
FMTDEMO,W02,2,-5,1,10,1.5626e-03,0.457,6.3646e-09,1.1558e-14
FMTDEMO,W02,2,-4,1,10,1.7293e-03,0.475,4.6197e-09,1.1112e-14
FMTDEMO,W02,2,-3,1,10,1.8630e-03,0.467,3.1576e-09,1.0598e-14
FMTDEMO,W02,2,-2,1,10,1.9061e-03,0.495,2.1647e-09,9.9811e-15
FMTDEMO,W02,2,-1,1,11,2.0046e-03,0.493,1.3888e-09,9.4089e-15
FMTDEMO,W02,2,0,1,11,2.0287e-03,0.493,1.1682e-09,9.1942e-15
FMTDEMO,W02,2,1,1,12,1.9838e-03,0.499,1.3672e-09,9.7214e-15
FMTDEMO,W02,2,2,1,10,1.9683e-03,0.488,1.9546e-09,1.0030e-14
FMTDEMO,W02,2,3,1,10,1.7734e-03,0.487,3.0425e-09,1.0598e-14
FMTDEMO,W02,2,4,1,10,1.7248e-03,0.474,4.4341e-09,1.1006e-14
FMTDEMO,W02,2,5,1,10,1.6308e-03,0.454,5.9424e-09,1.1919e-14
FMTDEMO,W02,2,6,1,10,1.4347e-03,0.445,8.9118e-09,1.2956e-14
FMTDEMO,W02,2,7,2,22,1.2851e-03,0.439,1.0869e-08,1.3075e-14
FMTDEMO,W02,3,-7,2,22,1.3311e-03,0.435,1.2900e-08,1.3566e-14
FMTDEMO,W02,3,-6,2,25,1.3733e-03,0.452,9.8270e-09,1.2644e-14
FMTDEMO,W02,3,-5,1,10,1.5646e-03,0.457,6.9651e-09,1.2187e-14
FMTDEMO,W02,3,-4,1,10,1.6178e-03,0.456,5.1828e-09,1.1589e-14
FMTDEMO,W02,3,-3,1,10,1.7578e-03,0.473,4.1310e-09,1.0898e-14
FMTDEMO,W02,3,-2,1,10,1.7873e-03,0.476,2.9681e-09,1.0543e-14
FMTDEMO,W02,3,-1,1,10,1.8822e-03,0.479,2.4617e-09,1.0142e-14
FMTDEMO,W02,3,0,1,10,1.9048e-03,0.488,2.2978e-09,1.0215e-14
FMTDEMO,W02,3,1,1,10,1.8209e-03,0.482,2.5251e-09,1.0357e-14
FMTDEMO,W02,3,2,1,10,1.7650e-03,0.480,3.3186e-09,1.0547e-14
FMTDEMO,W02,3,3,1,10,1.7340e-03,0.474,4.2469e-09,1.1142e-14
FMTDEMO,W02,3,4,1,10,1.6374e-03,0.464,5.4641e-09,1.1542e-14
FMTDEMO,W02,3,5,1,10,1.5610e-03,0.452,7.5400e-09,1.2075e-14
FMTDEMO,W02,3,6,2,23,1.4265e-03,0.439,1.0401e-08,1.2612e-14
FMTDEMO,W02,3,7,2,23,1.2587e-03,0.434,1.3191e-08,1.3407e-14
FMTDEMO,W02,4,-6,2,20,1.3439e-03,0.439,1.0690e-08,1.3164e-14
FMTDEMO,W02,4,-5,1,10,1.4761e-03,0.454,9.2777e-09,1.2549e-14
FMTDEMO,W02,4,-4,1,10,1.5164e-03,0.453,6.7679e-09,1.1898e-14
FMTDEMO,W02,4,-3,1,10,1.6401e-03,0.458,5.8870e-09,1.1492e-14
FMTDEMO,W02,4,-2,1,10,1.6756e-03,0.466,4.5472e-09,1.1170e-14
FMTDEMO,W02,4,-1,1,10,1.7689e-03,0.472,4.0043e-09,1.0716e-14
FMTDEMO,W02,4,0,1,10,1.7687e-03,0.476,3.7842e-09,1.1063e-14
FMTDEMO,W02,4,1,1,10,1.7733e-03,0.477,3.8986e-09,1.0773e-14
FMTDEMO,W02,4,2,1,10,1.7338e-03,0.470,4.5278e-09,1.1520e-14
FMTDEMO,W02,4,3,1,10,1.6565e-03,0.464,5.6406e-09,1.1877e-14
FMTDEMO,W02,4,4,1,10,1.4992e-03,0.451,7.2350e-09,1.2125e-14
FMTDEMO,W02,4,5,2,26,1.4482e-03,0.450,9.0708e-09,1.2678e-14
FMTDEMO,W02,4,6,2,23,1.2953e-03,0.432,1.1980e-08,1.3050e-14
FMTDEMO,W02,5,-5,2,23,1.3396e-03,0.432,1.1620e-08,1.2969e-14
FMTDEMO,W02,5,-4,1,10,1.4095e-03,0.449,9.6645e-09,1.2377e-14
FMTDEMO,W02,5,-3,1,10,1.5445e-03,0.454,7.2585e-09,1.1843e-14
FMTDEMO,W02,5,-2,1,10,1.5775e-03,0.458,6.5950e-09,1.1518e-14
FMTDEMO,W02,5,-1,1,10,1.5728e-03,0.458,6.0612e-09,1.1831e-14
FMTDEMO,W02,5,0,1,10,1.6103e-03,0.464,5.9907e-09,1.1568e-14
FMTDEMO,W02,5,1,1,10,1.6552e-03,0.450,5.6027e-09,1.1676e-14
FMTDEMO,W02,5,2,1,10,1.5766e-03,0.461,6.7177e-09,1.2002e-14
FMTDEMO,W02,5,3,1,10,1.4779e-03,0.454,7.0830e-09,1.2346e-14
FMTDEMO,W02,5,4,1,10,1.4577e-03,0.447,9.0921e-09,1.2667e-14
FMTDEMO,W02,5,5,2,23,1.3889e-03,0.432,1.2124e-08,1.3054e-14
FMTDEMO,W02,6,-4,2,23,1.3218e-03,0.439,1.0818e-08,1.3404e-14
FMTDEMO,W02,6,-3,1,10,1.4056e-03,0.440,8.8618e-09,1.2658e-14
FMTDEMO,W02,6,-2,1,10,1.4515e-03,0.445,9.4823e-09,1.2474e-14
FMTDEMO,W02,6,-1,1,10,1.5093e-03,0.456,8.0707e-09,1.2318e-14
FMTDEMO,W02,6,0,1,10,1.5285e-03,0.449,8.5914e-09,1.2520e-14
FMTDEMO,W02,6,1,1,10,1.4814e-03,0.445,8.1286e-09,1.2692e-14
FMTDEMO,W02,6,2,1,10,1.4576e-03,0.454,8.1361e-09,1.2801e-14
FMTDEMO,W02,6,3,1,10,1.4451e-03,0.436,9.8035e-09,1.3126e-14
FMTDEMO,W02,6,4,2,22,1.3656e-03,0.435,1.1639e-08,1.3005e-14
FMTDEMO,W02,7,-3,2,23,1.2995e-03,0.427,1.2035e-08,1.3099e-14
FMTDEMO,W02,7,-2,2,23,1.3035e-03,0.436,1.0961e-08,1.3121e-14
FMTDEMO,W02,7,-1,2,23,1.4053e-03,0.435,1.1417e-08,1.3033e-14
FMTDEMO,W02,7,0,2,23,1.3699e-03,0.449,1.1659e-08,1.3087e-14
FMTDEMO,W02,7,1,2,23,1.3252e-03,0.444,1.1679e-08,1.2554e-14
FMTDEMO,W02,7,2,2,20,1.3406e-03,0.436,1.2163e-08,1.3162e-14
FMTDEMO,W02,7,3,2,21,1.3013e-03,0.429,1.2024e-08,1.3404e-14
FMTDEMO,W03,-7,-3,2,22,1.1312e-03,0.437,1.6038e-08,1.3627e-14
FMTDEMO,W03,-7,-2,2,23,1.1813e-03,0.443,1.3423e-08,1.2887e-14
FMTDEMO,W03,-7,-1,2,20,1.2593e-03,0.437,1.4052e-08,1.2904e-14
FMTDEMO,W03,-7,0,2,21,1.2216e-03,0.438,1.2982e-08,1.2853e-14
FMTDEMO,W03,-7,1,2,20,1.2258e-03,0.434,1.4238e-08,1.3212e-14
FMTDEMO,W03,-7,2,2,20,1.1661e-03,0.439,1.4421e-08,1.3165e-14
FMTDEMO,W03,-7,3,2,21,1.1537e-03,0.438,1.6127e-08,1.3636e-14
FMTDEMO,W03,-6,-4,2,21,1.2139e-03,0.439,1.4650e-08,1.2952e-14
FMTDEMO,W03,-6,-3,2,23,1.2370e-03,0.443,1.2255e-08,1.3063e-14
FMTDEMO,W03,-6,-2,2,21,1.3174e-03,0.448,1.1249e-08,1.2137e-14
FMTDEMO,W03,-6,-1,2,23,1.4051e-03,0.456,1.0499e-08,1.2333e-14
FMTDEMO,W03,-6,0,1,10,1.3462e-03,0.446,9.2084e-09,1.2956e-14
FMTDEMO,W03,-6,1,1,10,1.3677e-03,0.454,9.8083e-09,1.2465e-14
FMTDEMO,W03,-6,2,2,20,1.3666e-03,0.449,1.0801e-08,1.2532e-14
FMTDEMO,W03,-6,3,2,21,1.3062e-03,0.439,1.2811e-08,1.2432e-14
FMTDEMO,W03,-6,4,2,21,1.1916e-03,0.435,1.3345e-08,1.2943e-14
FMTDEMO,W03,-5,-5,2,23,1.1896e-03,0.431,1.3110e-08,1.2917e-14
FMTDEMO,W03,-5,-4,2,22,1.3323e-03,0.448,1.1943e-08,1.2878e-14
FMTDEMO,W03,-5,-3,1,10,1.3775e-03,0.450,9.6842e-09,1.2333e-14
FMTDEMO,W03,-5,-2,1,10,1.4669e-03,0.457,8.6362e-09,1.1673e-14
FMTDEMO,W03,-5,-1,1,10,1.4648e-03,0.471,6.5614e-09,1.1678e-14
FMTDEMO,W03,-5,0,1,10,1.4787e-03,0.458,7.6186e-09,1.1866e-14
FMTDEMO,W03,-5,1,1,10,1.5157e-03,0.472,7.5799e-09,1.1426e-14
FMTDEMO,W03,-5,2,1,10,1.5066e-03,0.457,8.1201e-09,1.1687e-14
FMTDEMO,W03,-5,3,1,10,1.3790e-03,0.453,8.7955e-09,1.2119e-14
FMTDEMO,W03,-5,4,2,22,1.2897e-03,0.440,1.0226e-08,1.2396e-14
FMTDEMO,W03,-5,5,2,22,1.2402e-03,0.441,1.4841e-08,1.3114e-14
FMTDEMO,W03,-4,-6,2,22,1.2240e-03,0.436,1.5183e-08,1.3293e-14
FMTDEMO,W03,-4,-5,2,23,1.3002e-03,0.445,1.1264e-08,1.2588e-14
FMTDEMO,W03,-4,-4,1,10,1.4143e-03,0.458,8.3500e-09,1.1999e-14
FMTDEMO,W03,-4,-3,1,10,1.4295e-03,0.472,6.8073e-09,1.1367e-14
FMTDEMO,W03,-4,-2,1,10,1.5013e-03,0.465,5.9579e-09,1.1033e-14
FMTDEMO,W03,-4,-1,1,10,1.6084e-03,0.467,5.0498e-09,1.0895e-14
FMTDEMO,W03,-4,0,1,10,1.5932e-03,0.471,4.4476e-09,1.0898e-14
FMTDEMO,W03,-4,1,1,10,1.5283e-03,0.484,4.5146e-09,1.1207e-14
FMTDEMO,W03,-4,2,1,10,1.5371e-03,0.467,5.5281e-09,1.1630e-14
FMTDEMO,W03,-4,3,1,10,1.5316e-03,0.460,7.1514e-09,1.1637e-14
FMTDEMO,W03,-4,4,1,10,1.3514e-03,0.445,9.1484e-09,1.2091e-14
FMTDEMO,W03,-4,5,2,21,1.3538e-03,0.446,1.1407e-08,1.2915e-14
FMTDEMO,W03,-4,6,2,20,1.1713e-03,0.433,1.4110e-08,1.3489e-14
FMTDEMO,W03,-3,-7,2,21,1.1484e-03,0.447,1.6510e-08,1.3420e-14
FMTDEMO,W03,-3,-6,2,21,1.3099e-03,0.450,1.2546e-08,1.2925e-14
FMTDEMO,W03,-3,-5,1,10,1.3736e-03,0.453,9.2706e-09,1.2260e-14
FMTDEMO,W03,-3,-4,1,10,1.4665e-03,0.464,7.2994e-09,1.1645e-14
FMTDEMO,W03,-3,-3,1,10,1.5445e-03,0.477,4.9541e-09,1.1065e-14
FMTDEMO,W03,-3,-2,1,10,1.6097e-03,0.473,4.0610e-09,1.0449e-14
FMTDEMO,W03,-3,-1,1,10,1.6882e-03,0.491,3.5849e-09,1.0367e-14
FMTDEMO,W03,-3,0,1,10,1.7444e-03,0.481,2.9548e-09,1.0294e-14
FMTDEMO,W03,-3,1,1,10,1.6353e-03,0.488,3.0063e-09,1.0337e-14
FMTDEMO,W03,-3,2,1,10,1.6820e-03,0.484,3.5658e-09,1.0447e-14
FMTDEMO,W03,-3,3,1,10,1.5407e-03,0.476,5.0426e-09,1.1219e-14
FMTDEMO,W03,-3,4,1,10,1.4317e-03,0.467,7.3316e-09,1.1738e-14
FMTDEMO,W03,-3,5,1,10,1.4029e-03,0.449,9.6209e-09,1.2020e-14
FMTDEMO,W03,-3,6,2,20,1.2907e-03,0.440,1.2445e-08,1.2620e-14
FMTDEMO,W03,-3,7,2,23,1.1521e-03,0.437,1.5485e-08,1.3939e-14
FMTDEMO,W03,-2,-7,2,22,1.2422e-03,0.441,1.4509e-08,1.3249e-14
FMTDEMO,W03,-2,-6,2,22,1.3302e-03,0.442,1.0260e-08,1.2393e-14
FMTDEMO,W03,-2,-5,1,10,1.4180e-03,0.454,8.6584e-09,1.1545e-14
FMTDEMO,W03,-2,-4,1,10,1.4830e-03,0.474,5.8687e-09,1.1238e-14
FMTDEMO,W03,-2,-3,1,10,1.6437e-03,0.481,3.7145e-09,1.0571e-14
FMTDEMO,W03,-2,-2,1,10,1.6773e-03,0.489,2.4286e-09,1.0175e-14
FMTDEMO,W03,-2,-1,1,10,1.8389e-03,0.497,1.7558e-09,9.7479e-15
FMTDEMO,W03,-2,0,1,11,1.7872e-03,0.494,1.4015e-09,9.2818e-15
FMTDEMO,W03,-2,1,1,10,1.7757e-03,0.490,1.7347e-09,9.5645e-15
FMTDEMO,W03,-2,2,1,10,1.7359e-03,0.496,2.6266e-09,9.9542e-15
FMTDEMO,W03,-2,3,1,10,1.6573e-03,0.481,3.7854e-09,1.0525e-14
FMTDEMO,W03,-2,4,1,10,1.5391e-03,0.456,5.9393e-09,1.1307e-14
FMTDEMO,W03,-2,5,1,10,1.4098e-03,0.462,8.1816e-09,1.1975e-14
FMTDEMO,W03,-2,6,1,10,1.2892e-03,0.458,9.9306e-09,1.2296e-14
FMTDEMO,W03,-2,7,2,23,1.2010e-03,0.435,1.4913e-08,1.3305e-14
FMTDEMO,W03,-1,-7,2,20,1.1999e-03,0.440,1.3297e-08,1.3376e-14
FMTDEMO,W03,-1,-6,1,10,1.3397e-03,0.452,9.7806e-09,1.2121e-14
FMTDEMO,W03,-1,-5,1,10,1.4598e-03,0.465,7.3311e-09,1.1636e-14
FMTDEMO,W03,-1,-4,1,10,1.6080e-03,0.484,4.9119e-09,1.0668e-14
FMTDEMO,W03,-1,-3,1,10,1.6995e-03,0.486,2.8826e-09,1.0261e-14
FMTDEMO,W03,-1,-2,1,10,1.8477e-03,0.499,1.7559e-09,9.7799e-15
FMTDEMO,W03,-1,-1,1,12,1.8996e-03,0.500,8.9770e-10,9.1442e-15
FMTDEMO,W03,-1,0,1,12,2.0560e-03,0.510,7.3011e-10,8.5839e-15
FMTDEMO,W03,-1,1,1,12,1.9072e-03,0.499,9.6821e-10,9.0285e-15
FMTDEMO,W03,-1,2,1,10,1.8585e-03,0.505,1.6130e-09,9.6518e-15
FMTDEMO,W03,-1,3,1,10,1.6802e-03,0.488,3.1722e-09,1.0360e-14
FMTDEMO,W03,-1,4,1,10,1.5760e-03,0.474,5.1436e-09,1.0748e-14
FMTDEMO,W03,-1,5,1,10,1.4763e-03,0.470,7.6636e-09,1.1756e-14
FMTDEMO,W03,-1,6,2,21,1.3297e-03,0.450,1.0152e-08,1.2175e-14
FMTDEMO,W03,-1,7,2,20,1.2275e-03,0.442,1.3758e-08,1.3302e-14
FMTDEMO,W03,0,-7,2,23,1.2538e-03,0.448,1.2095e-08,1.3012e-14
FMTDEMO,W03,0,-6,1,10,1.3336e-03,0.442,8.9176e-09,1.1863e-14
FMTDEMO,W03,0,-5,1,10,1.5047e-03,0.462,6.5869e-09,1.1644e-14
FMTDEMO,W03,0,-4,1,10,1.5627e-03,0.468,4.4264e-09,1.0775e-14
FMTDEMO,W03,0,-3,1,10,1.7578e-03,0.488,2.9135e-09,1.0177e-14
FMTDEMO,W03,0,-2,1,10,1.8335e-03,0.504,1.5135e-09,9.4199e-15
FMTDEMO,W03,0,-1,1,11,1.9357e-03,0.506,6.2428e-10,8.5573e-15
FMTDEMO,W03,0,0,1,12,2.0176e-03,0.523,4.2879e-10,7.9138e-15
FMTDEMO,W03,0,1,1,12,1.8689e-03,0.508,6.3955e-10,8.7873e-15
FMTDEMO,W03,0,2,1,12,1.8611e-03,0.497,1.4689e-09,9.3968e-15
FMTDEMO,W03,0,3,1,10,1.7655e-03,0.485,2.6816e-09,1.0051e-14
FMTDEMO,W03,0,4,1,10,1.6290e-03,0.472,4.6597e-09,1.0615e-14
FMTDEMO,W03,0,5,1,10,1.5188e-03,0.465,6.7926e-09,1.1705e-14
FMTDEMO,W03,0,6,1,10,1.3321e-03,0.450,9.8027e-09,1.2646e-14
FMTDEMO,W03,0,7,2,22,1.2237e-03,0.438,1.4049e-08,1.3141e-14
FMTDEMO,W03,1,-7,2,20,1.2131e-03,0.446,1.3275e-08,1.2963e-14
FMTDEMO,W03,1,-6,2,20,1.3375e-03,0.455,1.0314e-08,1.2017e-14
FMTDEMO,W03,1,-5,1,10,1.4485e-03,0.458,6.9895e-09,1.1769e-14
FMTDEMO,W03,1,-4,1,10,1.5957e-03,0.476,5.1328e-09,1.0884e-14
FMTDEMO,W03,1,-3,1,10,1.7065e-03,0.487,3.3039e-09,1.0397e-14
FMTDEMO,W03,1,-2,1,10,1.8671e-03,0.500,1.8341e-09,9.3403e-15
FMTDEMO,W03,1,-1,1,12,1.9510e-03,0.505,9.6342e-10,8.9389e-15
FMTDEMO,W03,1,0,1,11,1.9819e-03,0.511,6.8318e-10,8.5429e-15
FMTDEMO,W03,1,1,1,12,1.9152e-03,0.502,9.1041e-10,9.1724e-15
FMTDEMO,W03,1,2,1,10,1.7702e-03,0.489,1.7554e-09,9.4944e-15
FMTDEMO,W03,1,3,1,10,1.7098e-03,0.497,3.1147e-09,9.9334e-15
FMTDEMO,W03,1,4,1,10,1.6029e-03,0.480,4.6299e-09,1.0869e-14
FMTDEMO,W03,1,5,1,10,1.4734e-03,0.453,6.8352e-09,1.1639e-14
FMTDEMO,W03,1,6,2,26,1.3565e-03,0.453,9.2651e-09,1.2115e-14
FMTDEMO,W03,1,7,2,20,1.2483e-03,0.435,1.4501e-08,1.3278e-14
FMTDEMO,W03,2,-7,2,21,1.1919e-03,0.445,1.4021e-08,1.3626e-14
FMTDEMO,W03,2,-6,2,22,1.3231e-03,0.446,1.1702e-08,1.2333e-14
FMTDEMO,W03,2,-5,1,10,1.4591e-03,0.456,7.6841e-09,1.1951e-14
FMTDEMO,W03,2,-4,1,10,1.5341e-03,0.470,5.6876e-09,1.1340e-14
FMTDEMO,W03,2,-3,1,10,1.6921e-03,0.483,3.7704e-09,1.0652e-14
FMTDEMO,W03,2,-2,1,10,1.8202e-03,0.490,2.2889e-09,1.0069e-14
FMTDEMO,W03,2,-1,1,10,1.8192e-03,0.489,1.6003e-09,9.3897e-15
FMTDEMO,W03,2,0,1,10,1.8713e-03,0.498,1.5854e-09,9.6996e-15
FMTDEMO,W03,2,1,1,10,1.7873e-03,0.491,1.7525e-09,9.4926e-15
FMTDEMO,W03,2,2,1,10,1.7631e-03,0.490,2.4101e-09,9.8595e-15
FMTDEMO,W03,2,3,1,10,1.7076e-03,0.482,3.5883e-09,1.0576e-14
FMTDEMO,W03,2,4,1,10,1.5165e-03,0.464,5.6021e-09,1.1058e-14
FMTDEMO,W03,2,5,1,10,1.4590e-03,0.459,7.7594e-09,1.1797e-14
FMTDEMO,W03,2,6,1,10,1.3017e-03,0.442,9.9956e-09,1.2875e-14
FMTDEMO,W03,2,7,2,20,1.2073e-03,0.431,1.5677e-08,1.3251e-14
FMTDEMO,W03,3,-7,2,20,1.1168e-03,0.422,1.5540e-08,1.3476e-14
FMTDEMO,W03,3,-6,2,22,1.2475e-03,0.450,1.1435e-08,1.2554e-14
FMTDEMO,W03,3,-5,1,10,1.3950e-03,0.457,8.9418e-09,1.2387e-14
FMTDEMO,W03,3,-4,1,10,1.5010e-03,0.456,7.3439e-09,1.1548e-14
FMTDEMO,W03,3,-3,1,10,1.5788e-03,0.474,4.9972e-09,1.0643e-14
FMTDEMO,W03,3,-2,1,10,1.6712e-03,0.480,3.9271e-09,1.0256e-14
FMTDEMO,W03,3,-1,1,10,1.6920e-03,0.488,2.8196e-09,1.0428e-14
FMTDEMO,W03,3,0,1,10,1.7143e-03,0.486,2.7147e-09,1.0043e-14
FMTDEMO,W03,3,1,1,10,1.7107e-03,0.483,2.9762e-09,1.0157e-14
FMTDEMO,W03,3,2,1,10,1.6604e-03,0.474,3.6587e-09,1.0676e-14
FMTDEMO,W03,3,3,1,10,1.5993e-03,0.470,5.2795e-09,1.1265e-14
FMTDEMO,W03,3,4,1,10,1.4437e-03,0.469,6.9351e-09,1.1643e-14
FMTDEMO,W03,3,5,1,10,1.3518e-03,0.456,9.5869e-09,1.2161e-14
FMTDEMO,W03,3,6,2,23,1.2674e-03,0.446,1.1919e-08,1.2933e-14
FMTDEMO,W03,3,7,2,20,1.1403e-03,0.430,1.5276e-08,1.3265e-14
FMTDEMO,W03,4,-6,2,20,1.2015e-03,0.427,1.3420e-08,1.3012e-14
FMTDEMO,W03,4,-5,2,21,1.3411e-03,0.450,1.0464e-08,1.2830e-14
FMTDEMO,W03,4,-4,1,10,1.4139e-03,0.455,8.1764e-09,1.1844e-14
FMTDEMO,W03,4,-3,1,10,1.4901e-03,0.463,7.0094e-09,1.1408e-14
FMTDEMO,W03,4,-2,1,10,1.5141e-03,0.473,5.3119e-09,1.1039e-14
FMTDEMO,W03,4,-1,1,10,1.6154e-03,0.471,4.8930e-09,1.0731e-14
FMTDEMO,W03,4,0,1,10,1.5697e-03,0.473,4.5035e-09,1.0757e-14
FMTDEMO,W03,4,1,1,10,1.6255e-03,0.478,4.6262e-09,1.0946e-14
FMTDEMO,W03,4,2,1,10,1.5215e-03,0.467,5.6283e-09,1.1377e-14
FMTDEMO,W03,4,3,1,10,1.5035e-03,0.463,7.2998e-09,1.1470e-14
FMTDEMO,W03,4,4,1,10,1.4384e-03,0.462,7.8767e-09,1.2155e-14
FMTDEMO,W03,4,5,2,22,1.2974e-03,0.448,1.0671e-08,1.2242e-14
FMTDEMO,W03,4,6,2,22,1.1904e-03,0.431,1.3431e-08,1.3100e-14
FMTDEMO,W03,5,-5,2,22,1.2493e-03,0.433,1.4321e-08,1.2928e-14
FMTDEMO,W03,5,-4,2,23,1.2946e-03,0.447,1.1209e-08,1.2672e-14
FMTDEMO,W03,5,-3,1,10,1.4123e-03,0.454,8.7241e-09,1.2407e-14
FMTDEMO,W03,5,-2,1,10,1.3949e-03,0.456,8.2864e-09,1.1925e-14
FMTDEMO,W03,5,-1,1,10,1.5139e-03,0.462,6.6013e-09,1.1594e-14
FMTDEMO,W03,5,0,1,10,1.4844e-03,0.461,7.4410e-09,1.1528e-14
FMTDEMO,W03,5,1,1,10,1.4251e-03,0.464,6.7968e-09,1.1939e-14
FMTDEMO,W03,5,2,1,10,1.4400e-03,0.451,8.4232e-09,1.2268e-14
FMTDEMO,W03,5,3,1,10,1.3226e-03,0.458,9.5188e-09,1.2197e-14
FMTDEMO,W03,5,4,2,22,1.3169e-03,0.449,1.0732e-08,1.2840e-14
FMTDEMO,W03,5,5,2,21,1.2544e-03,0.437,1.3402e-08,1.3128e-14
FMTDEMO,W03,6,-4,2,20,1.1890e-03,0.433,1.4401e-08,1.3269e-14
FMTDEMO,W03,6,-3,2,22,1.2552e-03,0.443,1.2487e-08,1.2752e-14
FMTDEMO,W03,6,-2,2,20,1.3361e-03,0.442,1.0916e-08,1.2477e-14
FMTDEMO,W03,6,-1,2,23,1.3909e-03,0.448,1.0043e-08,1.2472e-14
FMTDEMO,W03,6,0,2,22,1.3522e-03,0.451,1.0287e-08,1.2137e-14
FMTDEMO,W03,6,1,2,25,1.2986e-03,0.451,9.9070e-09,1.2202e-14
FMTDEMO,W03,6,2,2,21,1.3324e-03,0.452,1.0374e-08,1.2555e-14
FMTDEMO,W03,6,3,2,23,1.2551e-03,0.451,1.2039e-08,1.2412e-14
FMTDEMO,W03,6,4,2,23,1.2251e-03,0.441,1.3414e-08,1.3085e-14
FMTDEMO,W03,7,-3,2,23,1.1780e-03,0.437,1.5702e-08,1.3490e-14
FMTDEMO,W03,7,-2,2,22,1.2172e-03,0.433,1.5735e-08,1.3101e-14
FMTDEMO,W03,7,-1,2,23,1.2622e-03,0.436,1.3607e-08,1.3158e-14
FMTDEMO,W03,7,0,2,23,1.2138e-03,0.440,1.4774e-08,1.3068e-14
FMTDEMO,W03,7,1,2,23,1.2430e-03,0.438,1.3330e-08,1.3101e-14
FMTDEMO,W03,7,2,2,20,1.1630e-03,0.431,1.3968e-08,1.3057e-14
FMTDEMO,W03,7,3,2,23,1.1739e-03,0.429,1.6470e-08,1.3221e-14
FMTDEMO,W04,-7,-3,2,22,1.2044e-03,0.437,1.3710e-08,1.3383e-14
FMTDEMO,W04,-7,-2,2,20,1.2908e-03,0.439,1.2994e-08,1.3040e-14
FMTDEMO,W04,-7,-1,2,22,1.2989e-03,0.441,1.0979e-08,1.3463e-14
FMTDEMO,W04,-7,0,2,20,1.3005e-03,0.437,1.1295e-08,1.2987e-14
FMTDEMO,W04,-7,1,2,21,1.3305e-03,0.441,1.2483e-08,1.2827e-14
FMTDEMO,W04,-7,2,2,21,1.2401e-03,0.433,1.2527e-08,1.3441e-14
FMTDEMO,W04,-7,3,2,23,1.1944e-03,0.437,1.4652e-08,1.3214e-14
FMTDEMO,W04,-6,-4,2,20,1.2673e-03,0.434,1.2955e-08,1.2978e-14
FMTDEMO,W04,-6,-3,2,20,1.3726e-03,0.443,1.1310e-08,1.2496e-14
FMTDEMO,W04,-6,-2,1,10,1.3690e-03,0.445,9.1315e-09,1.2101e-14
FMTDEMO,W04,-6,-1,1,10,1.4192e-03,0.452,8.6052e-09,1.2372e-14
FMTDEMO,W04,-6,0,1,10,1.4329e-03,0.447,9.0670e-09,1.2162e-14
FMTDEMO,W04,-6,1,1,10,1.4123e-03,0.447,8.7145e-09,1.2415e-14
FMTDEMO,W04,-6,2,1,10,1.3962e-03,0.453,9.4432e-09,1.2381e-14
FMTDEMO,W04,-6,3,2,23,1.3316e-03,0.436,1.0349e-08,1.2763e-14
FMTDEMO,W04,-6,4,2,22,1.2510e-03,0.437,1.3361e-08,1.3536e-14
FMTDEMO,W04,-5,-5,2,22,1.2537e-03,0.437,1.2860e-08,1.2832e-14
FMTDEMO,W04,-5,-4,2,21,1.3629e-03,0.445,1.0120e-08,1.2815e-14
FMTDEMO,W04,-5,-3,1,10,1.5272e-03,0.448,8.5365e-09,1.1882e-14
FMTDEMO,W04,-5,-2,1,10,1.4948e-03,0.453,6.8033e-09,1.1875e-14
FMTDEMO,W04,-5,-1,1,10,1.5897e-03,0.459,6.4545e-09,1.1864e-14
FMTDEMO,W04,-5,0,1,10,1.4933e-03,0.460,6.0892e-09,1.1670e-14
FMTDEMO,W04,-5,1,1,10,1.5469e-03,0.459,7.3439e-09,1.1756e-14
FMTDEMO,W04,-5,2,1,10,1.5678e-03,0.464,6.9297e-09,1.1602e-14
FMTDEMO,W04,-5,3,1,10,1.4625e-03,0.463,8.3771e-09,1.2397e-14
FMTDEMO,W04,-5,4,2,20,1.3749e-03,0.449,1.0085e-08,1.2434e-14
FMTDEMO,W04,-5,5,2,23,1.2755e-03,0.434,1.2107e-08,1.3002e-14
FMTDEMO,W04,-4,-6,2,21,1.2589e-03,0.443,1.2565e-08,1.3053e-14
FMTDEMO,W04,-4,-5,2,21,1.3231e-03,0.453,1.0522e-08,1.2425e-14
FMTDEMO,W04,-4,-4,1,10,1.4736e-03,0.451,7.9448e-09,1.2102e-14
FMTDEMO,W04,-4,-3,1,10,1.5625e-03,0.456,6.3761e-09,1.1854e-14
FMTDEMO,W04,-4,-2,1,10,1.6303e-03,0.468,5.3699e-09,1.1112e-14
FMTDEMO,W04,-4,-1,1,10,1.7106e-03,0.463,4.8344e-09,1.1016e-14
FMTDEMO,W04,-4,0,1,10,1.6908e-03,0.471,4.1851e-09,1.0527e-14
FMTDEMO,W04,-4,1,1,10,1.6676e-03,0.474,4.3345e-09,1.1158e-14
FMTDEMO,W04,-4,2,1,10,1.6515e-03,0.467,4.7821e-09,1.1262e-14
FMTDEMO,W04,-4,3,1,10,1.4926e-03,0.461,6.5673e-09,1.1725e-14
FMTDEMO,W04,-4,4,1,10,1.4650e-03,0.464,7.6617e-09,1.2297e-14
FMTDEMO,W04,-4,5,2,22,1.3506e-03,0.440,1.0563e-08,1.2589e-14
FMTDEMO,W04,-4,6,2,23,1.2338e-03,0.434,1.3275e-08,1.3497e-14
FMTDEMO,W04,-3,-7,2,21,1.2345e-03,0.428,1.5029e-08,1.3595e-14
FMTDEMO,W04,-3,-6,2,23,1.3678e-03,0.443,1.1113e-08,1.2783e-14
FMTDEMO,W04,-3,-5,1,10,1.4547e-03,0.462,8.7923e-09,1.2121e-14
FMTDEMO,W04,-3,-4,1,10,1.5563e-03,0.462,6.0422e-09,1.1352e-14
FMTDEMO,W04,-3,-3,1,10,1.6699e-03,0.472,4.5782e-09,1.1189e-14
FMTDEMO,W04,-3,-2,1,10,1.6627e-03,0.479,3.4344e-09,1.0444e-14
FMTDEMO,W04,-3,-1,1,10,1.8525e-03,0.491,2.7140e-09,1.0463e-14
FMTDEMO,W04,-3,0,1,10,1.8180e-03,0.488,2.6506e-09,1.0350e-14
FMTDEMO,W04,-3,1,1,10,1.7641e-03,0.481,2.6186e-09,1.0206e-14
FMTDEMO,W04,-3,2,1,10,1.6865e-03,0.477,3.5034e-09,1.0693e-14
FMTDEMO,W04,-3,3,1,10,1.6565e-03,0.461,4.8820e-09,1.1119e-14
FMTDEMO,W04,-3,4,1,10,1.5535e-03,0.461,6.2146e-09,1.1547e-14
FMTDEMO,W04,-3,5,1,10,1.4174e-03,0.452,8.2329e-09,1.2119e-14
FMTDEMO,W04,-3,6,2,23,1.3222e-03,0.449,1.1332e-08,1.2878e-14
FMTDEMO,W04,-3,7,2,23,1.2454e-03,0.436,1.4411e-08,1.3233e-14
FMTDEMO,W04,-2,-7,2,20,1.2556e-03,0.437,1.1806e-08,1.3284e-14
FMTDEMO,W04,-2,-6,2,26,1.3463e-03,0.453,9.8523e-09,1.2271e-14
FMTDEMO,W04,-2,-5,1,10,1.4961e-03,0.453,7.9808e-09,1.1986e-14
FMTDEMO,W04,-2,-4,1,10,1.6616e-03,0.468,5.0973e-09,1.1297e-14
FMTDEMO,W04,-2,-3,1,10,1.7692e-03,0.484,3.4194e-09,1.0170e-14
FMTDEMO,W04,-2,-2,1,10,1.7818e-03,0.495,2.0512e-09,1.0127e-14
FMTDEMO,W04,-2,-1,1,10,1.9013e-03,0.496,1.7409e-09,9.5317e-15
FMTDEMO,W04,-2,0,1,10,1.9946e-03,0.505,1.5025e-09,9.7301e-15
FMTDEMO,W04,-2,1,1,10,1.8969e-03,0.496,1.7326e-09,9.5608e-15
FMTDEMO,W04,-2,2,1,10,1.8403e-03,0.474,2.1160e-09,1.0075e-14
FMTDEMO,W04,-2,3,1,10,1.7063e-03,0.481,3.5022e-09,1.0750e-14
FMTDEMO,W04,-2,4,1,10,1.6368e-03,0.472,5.4443e-09,1.0992e-14
FMTDEMO,W04,-2,5,1,10,1.5510e-03,0.460,6.6257e-09,1.1571e-14
FMTDEMO,W04,-2,6,2,23,1.4026e-03,0.445,1.0474e-08,1.2621e-14
FMTDEMO,W04,-2,7,2,23,1.2318e-03,0.432,1.3961e-08,1.3298e-14
FMTDEMO,W04,-1,-7,2,21,1.2610e-03,0.442,1.2266e-08,1.2712e-14
FMTDEMO,W04,-1,-6,1,10,1.3945e-03,0.450,9.4575e-09,1.2070e-14
FMTDEMO,W04,-1,-5,1,10,1.5067e-03,0.457,6.4358e-09,1.1776e-14
FMTDEMO,W04,-1,-4,1,10,1.7004e-03,0.479,4.4583e-09,1.1082e-14
FMTDEMO,W04,-1,-3,1,10,1.8745e-03,0.488,2.9891e-09,1.0026e-14
FMTDEMO,W04,-1,-2,1,12,1.8841e-03,0.491,1.3717e-09,9.6078e-15
FMTDEMO,W04,-1,-1,1,12,2.0261e-03,0.500,8.5199e-10,9.0487e-15
FMTDEMO,W04,-1,0,1,11,2.0922e-03,0.514,6.3803e-10,8.8075e-15
FMTDEMO,W04,-1,1,1,11,2.0489e-03,0.493,7.6767e-10,8.8748e-15
FMTDEMO,W04,-1,2,1,10,1.8901e-03,0.497,1.5681e-09,9.6483e-15
FMTDEMO,W04,-1,3,1,10,1.7606e-03,0.485,2.5136e-09,1.0195e-14
FMTDEMO,W04,-1,4,1,10,1.7007e-03,0.474,4.3748e-09,1.0916e-14
FMTDEMO,W04,-1,5,1,10,1.5945e-03,0.466,6.1383e-09,1.1506e-14
FMTDEMO,W04,-1,6,1,10,1.4219e-03,0.454,9.4839e-09,1.2258e-14
FMTDEMO,W04,-1,7,2,23,1.2948e-03,0.442,1.2182e-08,1.2727e-14
FMTDEMO,W04,0,-7,2,21,1.3344e-03,0.436,1.1827e-08,1.2812e-14
FMTDEMO,W04,0,-6,1,10,1.3818e-03,0.449,8.5192e-09,1.2441e-14
FMTDEMO,W04,0,-5,1,10,1.5544e-03,0.469,6.1744e-09,1.1573e-14
FMTDEMO,W04,0,-4,1,10,1.7234e-03,0.474,4.4358e-09,1.0552e-14
FMTDEMO,W04,0,-3,1,10,1.7885e-03,0.489,2.4479e-09,1.0102e-14
FMTDEMO,W04,0,-2,1,12,1.9612e-03,0.500,1.4282e-09,9.3544e-15
FMTDEMO,W04,0,-1,1,11,2.0638e-03,0.512,6.4191e-10,8.8827e-15
FMTDEMO,W04,0,0,1,12,2.1358e-03,0.520,3.9386e-10,7.9151e-15
FMTDEMO,W04,0,1,1,12,2.1295e-03,0.507,6.1744e-10,8.7190e-15
FMTDEMO,W04,0,2,1,11,1.9730e-03,0.504,1.1971e-09,9.4517e-15
FMTDEMO,W04,0,3,1,10,1.7457e-03,0.484,2.7392e-09,1.0269e-14
FMTDEMO,W04,0,4,1,10,1.6894e-03,0.474,4.3797e-09,1.1032e-14
FMTDEMO,W04,0,5,1,10,1.5734e-03,0.464,6.3864e-09,1.1759e-14
FMTDEMO,W04,0,6,1,10,1.4664e-03,0.454,9.8240e-09,1.2121e-14
FMTDEMO,W04,0,7,2,22,1.3319e-03,0.441,1.1906e-08,1.3019e-14
FMTDEMO,W04,1,-7,2,23,1.2702e-03,0.438,1.1290e-08,1.3047e-14
FMTDEMO,W04,1,-6,2,25,1.4394e-03,0.440,9.3204e-09,1.2397e-14
FMTDEMO,W04,1,-5,1,10,1.5272e-03,0.459,6.1991e-09,1.1888e-14
FMTDEMO,W04,1,-4,1,10,1.7442e-03,0.479,4.2648e-09,1.0976e-14
FMTDEMO,W04,1,-3,1,10,1.7836e-03,0.480,2.7941e-09,1.0203e-14
FMTDEMO,W04,1,-2,1,10,1.9678e-03,0.494,1.6628e-09,9.6262e-15
FMTDEMO,W04,1,-1,1,11,1.9853e-03,0.508,8.2904e-10,8.8507e-15
FMTDEMO,W04,1,0,1,11,2.0272e-03,0.509,6.4555e-10,8.5494e-15
FMTDEMO,W04,1,1,1,12,2.0896e-03,0.497,8.8539e-10,9.2986e-15
FMTDEMO,W04,1,2,1,10,1.9010e-03,0.506,1.5580e-09,9.4902e-15
FMTDEMO,W04,1,3,1,10,1.7428e-03,0.482,2.8832e-09,1.0530e-14
FMTDEMO,W04,1,4,1,10,1.6925e-03,0.473,4.6775e-09,1.1185e-14
FMTDEMO,W04,1,5,1,10,1.5750e-03,0.451,6.4264e-09,1.1856e-14
FMTDEMO,W04,1,6,1,10,1.3675e-03,0.447,8.9064e-09,1.2138e-14
FMTDEMO,W04,1,7,2,22,1.2879e-03,0.430,1.2145e-08,1.2977e-14
FMTDEMO,W04,2,-7,2,23,1.2896e-03,0.439,1.3259e-08,1.3047e-14
FMTDEMO,W04,2,-6,1,10,1.4110e-03,0.447,9.2949e-09,1.2272e-14
FMTDEMO,W04,2,-5,1,10,1.5129e-03,0.465,7.1002e-09,1.1927e-14
FMTDEMO,W04,2,-4,1,10,1.5977e-03,0.466,5.1645e-09,1.1055e-14
FMTDEMO,W04,2,-3,1,10,1.7367e-03,0.481,3.4584e-09,1.0730e-14
FMTDEMO,W04,2,-2,1,10,1.8408e-03,0.485,2.2104e-09,1.0111e-14
FMTDEMO,W04,2,-1,1,11,1.9893e-03,0.501,1.4576e-09,9.6801e-15
FMTDEMO,W04,2,0,1,12,1.9597e-03,0.500,1.2657e-09,9.4854e-15
FMTDEMO,W04,2,1,1,12,1.9257e-03,0.496,1.4831e-09,9.5324e-15
FMTDEMO,W04,2,2,1,10,1.8401e-03,0.487,2.1231e-09,1.0155e-14
FMTDEMO,W04,2,3,1,10,1.7294e-03,0.472,3.6071e-09,1.0570e-14
FMTDEMO,W04,2,4,1,10,1.5760e-03,0.468,5.2331e-09,1.1311e-14
FMTDEMO,W04,2,5,1,10,1.5057e-03,0.461,7.4104e-09,1.1970e-14
FMTDEMO,W04,2,6,1,10,1.3719e-03,0.456,9.1072e-09,1.2863e-14
FMTDEMO,W04,2,7,2,20,1.2290e-03,0.437,1.2610e-08,1.3228e-14
FMTDEMO,W04,3,-7,2,22,1.2416e-03,0.432,1.3202e-08,1.3190e-14
FMTDEMO,W04,3,-6,2,21,1.3111e-03,0.445,1.1411e-08,1.2542e-14
FMTDEMO,W04,3,-5,1,10,1.4380e-03,0.460,8.2864e-09,1.1969e-14
FMTDEMO,W04,3,-4,1,10,1.5709e-03,0.467,6.1017e-09,1.1828e-14
FMTDEMO,W04,3,-3,1,10,1.5963e-03,0.462,4.7025e-09,1.0886e-14
FMTDEMO,W04,3,-2,1,10,1.7249e-03,0.487,3.2108e-09,1.0851e-14
FMTDEMO,W04,3,-1,1,10,1.8316e-03,0.500,2.8681e-09,1.0497e-14
FMTDEMO,W04,3,0,1,10,1.8719e-03,0.487,2.6119e-09,1.0106e-14
FMTDEMO,W04,3,1,1,10,1.8134e-03,0.475,3.0109e-09,1.0384e-14
FMTDEMO,W04,3,2,1,10,1.7509e-03,0.472,3.5723e-09,1.0679e-14
FMTDEMO,W04,3,3,1,10,1.6542e-03,0.474,4.4604e-09,1.1105e-14
FMTDEMO,W04,3,4,1,10,1.5172e-03,0.465,5.9788e-09,1.1465e-14
FMTDEMO,W04,3,5,1,10,1.5022e-03,0.449,8.3483e-09,1.2189e-14
FMTDEMO,W04,3,6,2,20,1.3783e-03,0.442,1.1336e-08,1.2553e-14
FMTDEMO,W04,3,7,2,20,1.2351e-03,0.435,1.3913e-08,1.3335e-14
FMTDEMO,W04,4,-6,2,22,1.2391e-03,0.435,1.1708e-08,1.2741e-14
FMTDEMO,W04,4,-5,2,21,1.4053e-03,0.446,1.0496e-08,1.2583e-14
FMTDEMO,W04,4,-4,1,10,1.4450e-03,0.457,8.0499e-09,1.1802e-14
FMTDEMO,W04,4,-3,1,10,1.5285e-03,0.463,6.4651e-09,1.1584e-14
FMTDEMO,W04,4,-2,1,10,1.5533e-03,0.475,5.5897e-09,1.1460e-14
FMTDEMO,W04,4,-1,1,10,1.6881e-03,0.476,4.2798e-09,1.0976e-14
FMTDEMO,W04,4,0,1,10,1.6476e-03,0.475,3.8884e-09,1.0952e-14
FMTDEMO,W04,4,1,1,10,1.6580e-03,0.477,4.4649e-09,1.0870e-14
FMTDEMO,W04,4,2,1,10,1.6524e-03,0.463,5.0667e-09,1.1104e-14
FMTDEMO,W04,4,3,1,10,1.5803e-03,0.462,6.4037e-09,1.1663e-14
FMTDEMO,W04,4,4,1,10,1.4036e-03,0.451,8.0217e-09,1.2223e-14
FMTDEMO,W04,4,5,1,10,1.3925e-03,0.453,9.9941e-09,1.2593e-14
FMTDEMO,W04,4,6,2,21,1.2839e-03,0.444,1.1950e-08,1.3349e-14
FMTDEMO,W04,5,-5,2,21,1.2837e-03,0.447,1.2466e-08,1.2805e-14
FMTDEMO,W04,5,-4,2,23,1.3646e-03,0.449,1.0674e-08,1.2758e-14
FMTDEMO,W04,5,-3,1,10,1.4095e-03,0.452,7.9727e-09,1.2021e-14
FMTDEMO,W04,5,-2,1,10,1.4838e-03,0.456,7.5497e-09,1.1643e-14
FMTDEMO,W04,5,-1,1,10,1.5633e-03,0.455,6.4222e-09,1.1873e-14
FMTDEMO,W04,5,0,1,10,1.5715e-03,0.464,6.5174e-09,1.1671e-14
FMTDEMO,W04,5,1,1,10,1.5638e-03,0.469,6.2147e-09,1.1630e-14
FMTDEMO,W04,5,2,1,10,1.5268e-03,0.462,7.4680e-09,1.2079e-14
FMTDEMO,W04,5,3,1,10,1.4358e-03,0.447,8.9865e-09,1.2165e-14
FMTDEMO,W04,5,4,2,26,1.3616e-03,0.447,9.8877e-09,1.2763e-14
FMTDEMO,W04,5,5,2,23,1.3192e-03,0.437,1.2440e-08,1.3232e-14
FMTDEMO,W04,6,-4,2,21,1.2479e-03,0.441,1.2540e-08,1.2944e-14
FMTDEMO,W04,6,-3,2,22,1.3433e-03,0.444,1.1085e-08,1.2632e-14
FMTDEMO,W04,6,-2,1,10,1.3904e-03,0.452,9.9917e-09,1.2280e-14
FMTDEMO,W04,6,-1,1,10,1.3840e-03,0.451,8.8346e-09,1.2280e-14
FMTDEMO,W04,6,0,1,10,1.4642e-03,0.451,8.9546e-09,1.1975e-14
FMTDEMO,W04,6,1,1,10,1.4238e-03,0.456,9.1005e-09,1.2076e-14
FMTDEMO,W04,6,2,2,25,1.3919e-03,0.447,9.7904e-09,1.2890e-14
FMTDEMO,W04,6,3,2,22,1.3407e-03,0.440,1.1327e-08,1.2554e-14
FMTDEMO,W04,6,4,2,21,1.2953e-03,0.432,1.1919e-08,1.3270e-14
FMTDEMO,W04,7,-3,2,21,1.2380e-03,0.425,1.3343e-08,1.3334e-14
FMTDEMO,W04,7,-2,2,20,1.2464e-03,0.444,1.2822e-08,1.3352e-14
FMTDEMO,W04,7,-1,2,22,1.3192e-03,0.445,1.2055e-08,1.3087e-14
FMTDEMO,W04,7,0,2,22,1.3091e-03,0.438,1.2303e-08,1.2890e-14
FMTDEMO,W04,7,1,2,22,1.3116e-03,0.432,1.1920e-08,1.2848e-14
FMTDEMO,W04,7,2,2,20,1.2470e-03,0.433,1.3971e-08,1.3361e-14
FMTDEMO,W04,7,3,2,23,1.1875e-03,0.438,1.3638e-08,1.3052e-14
